ubrn,rev_ubrn,crn,nameline,tradstyle,address1,address2,address3,address4,address5,postcode,sic07,paye_jobs,turnover,legalstatus,trading_status,birth_date,death_date,death_code,uprn
1000012345000001,1000005432100001,12000531,BIG BOX CEREAL 5 LTD,,(ROADWORKS) ,STAFFERTON WAY,MAIDENHEAD BERKS,,,SL6 1AZ,10612,1,10,1,A,01/04/2017,,,10023450194
1000012345000002,2000005432100001,12021594,BIG BOX CEREAL 25 LTD,,(ROCKLEY DENE) ,CHERRYS ROAD,CUNDY CROSS,BARNSLEY,,S71 5QU,10612,1,10,1,A,01/04/2017,,,10023450191
1000012345000003,3000005432100001,12048530,BIG BOX CEREAL 47 LTD,,(ROOFING SUPPLIES) ,163 FRESTON RD,LONDON,,,W10 6SQ,10612,1,10,1,A,01/04/2017,,,10023450204
1000012345000004,4000005432100001,12094821,BIG BOX CEREAL 10 LTD,,(ROCHDALE),REDCROSS ST,ROCHDALE LANCS,,,OL12 0NS,10612,1,10,1,A,01/04/2017,,,10023450169
1000012345000005,5000005432100001,12105317,BIG BOX CEREAL 37 LTD,,(ROMFORD) ,2 HIGH GARTH,ESHER,SURREY,,KT10 9DN,10612,1,10,1,A,01/04/2017,,,10023450152
1000012345000006,6000005432100001,12117650,BIG BOX CEREAL LTD,,(ROAD MAINTENANCE) ,CENTURY HOUSE  CENTURY RD,RETFORD,NOTTS,,DN22 7TD,10612,1,10,1,A,01/04/2017,,,10023450134
1000012345000007,7000005432100001,12146788,BIG BOX CEREAL 23 LTD,,(ROCHESTER & MEDWAY DIST),12A NEW ROAD AVENUE,CHATHAM,KENT,,ME4 6BB,10612,1,10,1,A,01/04/2017,,,10023450160
1000012345000008,8000005432100001,12146805,BIG BOX CEREAL 43 LTD,,(ROOFING CONTRACTORS),23 MILTON ROAD,WAKEFIELD,W YORKSHIRE,,WF2 8TL,10612,1,10,1,A,01/04/2017,,,10023450208
1000012345000009,9000005432100001,12174673,BIG BOX CEREAL 27 LTD,,(ROIT/COIT) (2731-2734),93 EBURY BRIDGE RD,LONDON,,,SW1W 8RB,10612,1,10,1,A,01/04/2017,,,10023450198
1000012345000010,0100005432100001,12213988,BIG BOX CEREAL 13 LTD,,(ROCHDALE),YORK STREET,NEWBOLD,ROCHDALE,LANCS,OL16 5NZ,10612,1,10,1,A,01/04/2017,,,10023450178
1000012345000011,1100005432100001,12213989,BIG BOX CEREAL 11 LTD,,(ROCHDALE),EDENFIELD ST,SPOTLAND,ROCHDALE,LANCS,OL12 7BP,10612,1,10,1,A,01/04/2017,,,10023450172
1000012345000012,2100005432100001,12213990,BIG BOX CEREAL 15 LTD,,(ROCHDALE) ,WOOL HOUSE,20-24 CHEETHAM ST,ROCHDALE,LANCS,OL16 1DL,10612,1,10,1,A,01/04/2017,,,10023450175
1000012345000013,3100005432100001,12213991,BIG BOX CEREAL 16 LTD,,(ROCHDALE) ,11 TWEEDALE STREET,ROCHDALE,LANCS,,OL11 1HH,10612,1,10,1,A,01/04/2017,,,10023450165
1000012345000014,4100005432100001,12213992,BIG BOX CEREAL 12 LTD,,(ROCHDALE),NORDEN ROAD,BAMFORD,ROCHDALE,LANCASHIRE,OL11 5PN,10612,1,10,1,A,01/04/2017,,,10023450168
1000012345000015,5100005432100001,12214913,BIG BOX CEREAL 14 LTD,,(ROCHDALE),37 ST ALBANS ST,ROCHDALE,LANCS,,OL16 1UT,10612,1,10,1,A,01/04/2017,,,10023450176
1000012345000016,6100005432100001,12228814,BIG BOX CEREAL 42 LTD,,(ROOFING CONTRACTORS),34 THIRD AVE,DRUM INDUSTRIAL ESTATE,BIRTLEY,TYNE & WEAR,DH2 2EF,10612,1,10,1,A,01/04/2017,,,10023450131
1000012345000017,7100005432100001,12240849,BIG BOX CEREAL 50 LTD,,(ROOM 43 - BUILDING 99),GATWICK AIRPORT,WEST SUSSEX,,,RH6 0LD,10612,1,10,1,A,01/04/2017,,,10023450184
1000012345000018,8100005432100001,12242321,BIG BOX CEREAL 39 LTD,,(ROOF CONTRACTOR),2 ALEXANDER PLACE,STEVENSTON,AYRSHIRE,,KA20 3AE,10612,1,10,1,A,01/04/2017,,,10023450151
1000012345000019,9100005432100001,12245644,BIG BOX CEREAL 51 LTD,,(ROOM 43 - BUILDING 99),GATWICK AIRPORT,WEST SUSSEX,,,RH6 0LD,10612,1,10,1,A,01/04/2017,,,10023450184
1000012345000020,0200005432100001,12255898,BIG BOX CEREAL 55 LTD,,(ROSE GARDEN CENTRE),167 KINGSWAY,DERRIAGHY,,,BT17 9RY,10612,1,10,1,A,01/04/2017,,,10023450107
1000012345000021,1200005432100001,12259635,BIG BOX CEREAL 36 LTD,,(ROMFORD) ,UNIT 5 DOMINION WORKS,FRESHWATER ROAD,DAGENHAM ESSEX,,RM8 1HJ,10612,1,10,1,A,01/04/2017,,,10023450189
1000012345000022,2200005432100001,12281636,BIG BOX CEREAL 49 LTD,,(ROOM 210),NORTHUMBERLAND STREET,HUDDERSFIELD,,,HD1 1AA,10612,1,10,1,A,01/04/2017,,,10023450148
1000012345000023,3200005432100001,12292633,BIG BOX CEREAL 24 LTD,,(ROCHESTER) ,THE GREEN,BEARSTED,MAIDSTONE,,ME14 4DY,10612,1,10,1,A,01/04/2017,,,10023450159
1000012345000024,4200005432100001,12304213,BIG BOX CEREAL 35 LTD,,(ROMFORD),224 MAIN ROAD,GIDEA PARK,ROMFORD,ESSEX,RM2 5HA,10612,1,10,1,A,01/04/2017,,,10023450188
1000012345000025,5200005432100001,12309927,BIG BOX CEREAL 44 LTD,,(ROOFING CONTRACTORS) ,VICTORIA STREET,BASFORD,STOKE ON TRENT,STOKE-ON-TRENT,ST4 6DU,10612,1,10,1,A,01/04/2017,,,10023450196
1000012345000026,6200005432100001,12311102,BIG BOX CEREAL 6 LTD,,(ROB NORTHEN COMPUTING),SEKONDI  ALMA ROAD,HEADLEY DOWN,BORDON,HAMPSHIRE,GU35 8JR,10612,1,10,1,A,01/04/2017,,,10023450144
1000012345000027,7200005432100001,12315567,BIG BOX CEREAL 48 LTD,,(ROOFING) ,9 PEEL LANE,PARTICK,GLASGOW,,G11 5LL,10612,1,10,1,A,01/04/2017,,,10023450139
1000012345000028,8200005432100001,12319481,BIG BOX CEREAL 26 LTD,,(ROGANS),HOPTON NEW ROAD,MIRFIELD,W YORKSHIRE,,WF14 8NF,10612,1,10,1,A,01/04/2017,,,10023450207
1000012345000029,9200005432100001,12337373,BIG BOX CEREAL 45 LTD,,(ROOFING CONTRACTORS) ,36 HANGLETON WAY,HOVE,E SUSSEX,,BN3 8AG,10612,1,10,1,A,01/04/2017,,,10023450104
1000012345000030,0300005432100001,12375902,BIG BOX CEREAL 41 LTD,,(ROOF TRUSS MANUFACTURE),JOSEPH NOBLE ROAD,LILLYHALL EST,WORKINGTON,CUMBRIA,CA14 4JX,10612,1,10,1,A,01/04/2017,,,10023450115
1000012345000031,1300005432100001,12383697,BIG BOX CEREAL 40 LTD,,(ROOF CONTRACTOR),2 ALEXANDER PLACE,STEVENSTON,AYRSHIRE,,KA20 3AE,10612,1,10,1,A,01/04/2017,,,10023450151
1000012345000032,2300005432100001,12386585,BIG BOX CEREAL 53 LTD,,(ROOM 9/10),LEEGOMERY COMMUNITY CENTRE,LEEGATE AVENUE,TELFORD,,TF1 6NA,10612,1,10,1,A,01/04/2017,,,10023450200
1000012345000033,3300005432100001,12468391,BIG BOX CEREAL 18 LTD,,(ROCHDALE) ,244 WHITWORTH RD,FIELDHOUSE IND ESTATE,ROCHDALE,LANCS,OL12 0SA,10612,1,10,1,A,01/04/2017,,,10023450171
1000012345000034,4300005432100001,12475045,BIG BOX CEREAL 28 LTD,,(ROMA FASHIONS) ,0 WINDMILL STREET,GRAVESENT,KENT,,DA12 1AF,10612,1,10,1,A,01/04/2017,,,10023450125
1000012345000035,5300005432100001,12477828,BIG BOX CEREAL 19 LTD,,(ROCHDALE) ,REDCROSS ST WORKS,REDCROSS ST,ROCHDALE,LANCS,OL12 0NZ,10612,1,10,1,A,01/04/2017,,,10023450170
1000012345000036,6300005432100001,12487119,BIG BOX CEREAL 32 LTD,,(ROMFORD 1),88-100 SOUTH STREET,ROMFORD,ESSEX,,RM1 1RX,10612,1,10,1,A,01/04/2017,,,10023450185
1000012345000037,7300005432100001,12487121,BIG BOX CEREAL 33 LTD,,(ROMFORD 2),QUEENS MOAT HOUSE,ST EDWARDS WAY,ROMFORD,ESSEX,RM1 4DD,10612,1,10,1,A,01/04/2017,,,10023450186
1000012345000038,8300005432100001,12538434,BIG BOX CEREAL 21 LTD,,(ROCHDALE) ,HAMER MACHINE WORKS,RED LANE,ROCHDALE,LANCS,OL12 9DB,10612,1,10,1,A,01/04/2017,,,10023450174
1000012345000039,9300005432100001,12542140,BIG BOX CEREAL 52 LTD,,(ROOM 9/10),LEEGOMERY COMMUNITY CENTRE,LEEGATE AVENUE,TELFORD,,TF1 6NA,10612,1,10,1,A,01/04/2017,,,10023450200
1000012345000040,0400005432100001,12548573,BIG BOX CEREAL 3 LTD,,(ROAD TRANSPORT ),UNIT 134,CLYDESDALE PLACE,MOSS SIDE INDUSTRIAL ESTATE,LEYLAND PRESTON,PR26 7QS,10612,1,10,1,A,01/04/2017,,,10023450182
1000012345000041,1400005432100001,12612278,BIG BOX CEREAL 56 LTD,,(ROSE GARDEN),GLENGORMLEY,BELFAST,,,BT36 5HE,10612,1,10,1,A,01/04/2017,,,10023450109
1000012345000042,2400005432100001,12648116,BIG BOX CEREAL 22 LTD,,(ROCHDALE) F,PHOENIX PARK SITE,GREEN LANE,HEYWOOD,LANCS,OL10 2EW,10612,1,10,1,A,01/04/2017,,,10023450164
1000012345000043,3400005432100001,12649897,BIG BOX CEREAL 2 LTD,,(ROAD MARKINGS),CARTWHEELS,GILSLAND,CARLISLE,CUMBRIA,CA8 7DR,10612,1,10,1,A,01/04/2017,,,10023450116
1000012345000044,4400005432100001,12692047,BIG BOX CEREAL 4 LTD,,(ROADRUNNER) ,148A WARSTONES DRIVE,PENN,WOLVERHAMPTON,WEST MIDLANDS,WV4 4NJ,10612,1,10,1,A,01/04/2017,,,10023450209
1000012345000045,5400005432100001,12717026,BIG BOX CEREAL 8 LTD,,(ROCHDALE BODY REPAIRERS),WOOD ST,ROCHDALE,LANCS,,OL16 5QN,10612,1,10,1,A,01/04/2017,,,10023450179
1000012345000046,6400005432100001,12741463,BIG BOX CEREAL 20 LTD,,(ROCHDALE) ,NORWICH ST,ROCHDALE,LANCS,,OL11 1LJ,10612,1,10,1,A,01/04/2017,,,10023450166
1000012345000047,7400005432100001,12743252,BIG BOX CEREAL 17 LTD,,(ROCHDALE) ,BROADFIELD STILE,ROCHDALE,LANCS,,OL11 1UT,10612,1,10,1,A,01/04/2017,,,10023450167
1000012345000048,8400005432100001,12758033,BIG BOX CEREAL 9 LTD,,(ROCHDALE TAX OFFICE),NEWGATE HOSUE,NEWGATE,ROCHDALE,LANCS,OL16 1XB,10612,1,10,1,A,01/04/2017,,,10023450177
1000012345000049,9400005432100001,12764969,BIG BOX CEREAL 7 LTD,,(ROBINBUILD ),MORGAN DRIVE,RECTORY LANE INDUST EST,GUISBOROUGH,CLEVELAND,TS14 7DH,10612,1,10,1,A,01/04/2017,,,10023450203
1000012345000050,0500005432100001,12852643,BIG BOX CEREAL 46 LTD,,(ROOFING CONTRACTORS) ,246 NORTON LANE,EARLSWOOD,SOLIHULL,WEST MIDLANDS,B94 5LT,10612,1,10,1,A,01/04/2017,,,10023450102
1000012345000051,1500005432100001,12878303,BIG BOX CEREAL 54 LTD,,(ROSAWEAR),22 ABBEYHILLS RD,GLODWICK,OLDHAM,,M8 8EN,10612,1,10,1,A,01/04/2017,,,10023450158
1000012345000052,2500005432100001,12894651,BIG BOX CEREAL 38 LTD,,(ROMILEY),GUYWOOD LANE,ROMILEY,STOCKPORT,CHESHIRE,SK6 4AN,10612,1,10,1,A,01/04/2017,,,10023450193
1000012345000053,3500005432100001,12902696,BIG BOX CEREAL 34 LTD,,(ROMFORD),21-25 STATION LANE 2ND FLOOR,STIRLING HOUSE,HORNCHURCH,ESSEX,RM12 6JL,10612,1,10,1,A,01/04/2017,,,10023450187
1000012345000054,4500005432100001,12902701,BIG BOX CEREAL 31 LTD,,(ROMAN RD),2 ROMAN RD,EASTON,BRISTOL,,BS5 6DH,10612,1,10,1,A,01/04/2017,,,10023450106
1000012345000055,5500005432100001,12902750,BIG BOX CEREAL 30 LTD,,(ROMA FASHIONS) ,6A BELLEGROVE RD,WELLING,KENT,,DA16 3PR,10612,1,10,1,A,01/04/2017,,,10023450126
1000012345000056,6500005432100001,12902833,BIG BOX CEREAL 29 LTD,,(ROMA FASHIONS) ,127 HIGH STREET,WALTHAMSTOW,LONDON,,E17 7DB,10612,1,10,1,A,01/04/2017,,,10023450136
1000012345000059,9500005432100001,4423770,M&AOHWLESALE LTD,,1 CRAGMOOR ROAD               ,BURTON JOYCE                  ,NOTTINGHAM                    ,                              ,                              ,NG14 5AR,73120,1,10,1,A,01/04/2017,,,10023450162
1000012345000103,3010005432100001,,BUEADLIING SOLUTIONS LTD,,1 HAZELWOOD LANE              ,ABBOTS LANGLEY                ,                              ,                              ,                              ,WD5 0HA ,56103,1,10,3,,01/04/2017,,,10023450206
1000012345000104,4010005432100001,,JO2WMILITED,,1 BARRASCROFTS                ,CANONBIE                      ,                              ,                              ,                              ,DG14 0RZ,86900,1,10,1,,01/04/2017,,,10023450130
1000012345000105,5010005432100001,,AUBASOT(CHRISTCHURCH) LIMITED,,1 GARTH EDGE                  ,SHAWFORTH                     ,WHITWORTH                     ,ROCHDALE LANCASHIRE           ,                              ,OL12 8EH,90010,1,10,2,,01/04/2017,,,10023450173
1000012345000071,1700005432100001,5306817,TIPO@SNOLTD,,1 CHELLEAN VEAN               ,FROGPOOL                      ,TRURO                         ,CORNWALL                      ,                              ,TR4 8SG ,82190,1,10,1,A,01/04/2017,,,10023450202
1000012345000091,1900005432100001,7929797,TIPO@SNOLTD,,1 CHERRY LEYS                 ,STEEPLE CLAYDON               ,BUCKINGHAM                    ,                              ,                              ,MK18 2RL,90010,1,10,1,A,01/04/2017,,,10023450161
1000012345000082,2800005432100001,5483819,A&AIMSTH & RUST,,1 CHURCH STREET               ,FINTONA                       ,OMAGH                         ,                              ,                              ,BT78 2BR,71129,1,10,1,A,01/04/2017,,,10023450113
1000012345000057,7500005432100001,4334768,B&AULPMBING,,1 CHURCH STREET               ,FINTONA                       ,OMAGH                         ,                              ,                              ,BT78 2BR,62020,1,10,1,A,01/04/2017,,,10023450113
1000012345000085,5800005432100001,5504523,C&AWAORTHINGTON,,1 CHYNOON GARDENS             ,ST AUSTELL                    ,                              ,                              ,                              ,PL25 3RR,70229,1,10,1,A,01/04/2017,,,10023450181
1000012345000079,9700005432100001,5448884,F&ALOHDINGS LTD,,1 CLIFF COTTAGES              ,SPALDINGTON                   ,GOOLE                         ,NORTH HUMBERSIDE              ,                              ,DN14 7NN,47250,1,10,1,A,01/04/2017,,,10023450132
1000012345000081,1800005432100001,5462502,THAC9IRENE PLACE,,1 CHEDWORTH DRIVE             ,WINCHCOMBE                    ,CHELTENHAM                    ,                              ,                              ,GL54 5BE,41100,1,10,1,A,01/04/2017,,,10023450140
1000012345000106,6010005432100001,,MACAITRN,,1 GRAVES FARM                 ,ALGARKIRK                     ,BOSTON                        ,LINCOLNSHIRE                  ,LINCS                         ,PE20 2BQ,01130,1,10,2,,01/04/2017,,,10023450180
1000012345000107,7010005432100001,,PLCABMUING/HEATING & MAINTENANCE,,1 GREEN COTTAGES              ,WATFORD ROAD                  ,HARROW                        ,MIDDLESEX                     ,                              ,HA1 3TS ,93191,1,10,2,,01/04/2017,,,10023450146
1000012345000084,4800005432100001,5496244,J&AOORFING HASLEMERE LTD,,1 COBBS HILL                  ,OLD WIVES LEES                ,CANTERBURY                    ,KENT                          ,                              ,CT4 8AR ,71129,1,10,1,A,01/04/2017,,,10023450121
1000012345000108,8010005432100001,,APHCALEPL,,1 GRESHAM STREET              ,LONDON                        ,                              ,                              ,                              ,EC2V 7BX,01410,1,10,3,,01/04/2017,,,10023450137
1000012345000073,3700005432100001,5360774,M&AROFGERTY,,1 COLLINGDON COURT            ,GROVE ROAD                    ,CRANLEIGH                     ,SURREY GU6 7LB                ,                              ,GU6 7LB ,43210,1,10,1,A,01/04/2017,,,10023450145
1000012345000075,5700005432100001,5396020,M&ATUFURES LTD,,1 COMPTON PLACE               ,SURREY AVENUE                 ,CAMBERLEY                     ,                              ,                              ,GU15 3DX,62020,1,10,1,A,01/04/2017,,,10023450143
1000012345000080,0800005432100001,5451141,M&ATUFURES LTD,,1 COMPTON PLACE               ,SURREY AVENUE                 ,CAMBERLEY                     ,SURREY                        ,                              ,GU15 3DX,46342,1,10,1,A,01/04/2017,,,10023450143
1000012345000083,3800005432100001,5491141,M&AOHPTOGRAPHY LIMITED,,1 COOLNAGARD MEADOWS          ,OMAGH                         ,                              ,                              ,                              ,BT78 1AU,62020,1,10,1,A,01/04/2017,,,10023450112
1000012345000109,9010005432100001,,RAG2BIHPC DESIGN LTD,,1 BALLYCREGAGH ROAD           ,CLOUGHMILLS                   ,BALLYMENA                     ,                              ,                              ,BT44 9LB,64209,1,10,1,,01/04/2017,,,10023450111
1000012345000110,0110005432100001,,CIMALIVENGINEERING LTD,,1 LAWSON GARDENS              ,PINNER                        ,MIDDLESEX                     ,                              ,                              ,HA5 2BR ,56101,1,10,2,,01/04/2017,,,10023450147
1000012345000111,1110005432100001,,KEJANELTD,,1 KENT ROAD WEST              ,MANCHESTER                    ,                              ,                              ,                              ,M14 5RF ,56103,1,10,2,,01/04/2017,,,10023450156
1000012345000112,2110005432100001,,CHMAWDAICK,,1 LAWN COTTAGES               ,NEWCASTLE                     ,CRAVEN ARMS                   ,SHROPSHIRE                    ,                              ,SY7 8PL ,32500,1,10,3,,01/04/2017,,,10023450199
1000012345000113,3110005432100001,,(SMASSUEX) LTD,HTUSOAOCST LAW,1 LANSDOWNE VILLAS            ,GOODLEIGH ROAD                ,BARNSTAPLE                    ,DEVON                         ,                              ,EX32 7JR,43220,1,10,2,,01/04/2017,,,10023450138
1000012345000114,4110005432100001,,HEMAFYRICS,YFEHAMCIRS,1 LITTLE JENKYN               ,HOLE LANE                     ,BENTLEY                       ,HAMPSHIRE                     ,                              ,GU10 5LU,93120,1,10,2,,01/04/2017,,,10023450141
1000012345000115,5110005432100001,,DNAAWMHOLESALE LTD,,1 FREEWATERS CLOSE            ,ICKLEFORD                     ,HITCHIN                       ,                              ,                              ,SG5 3TQ ,43320,1,10,2,,01/04/2017,,,10023450192
1000012345000116,6110005432100001,,AUBASOT( CHRISTCHURCH ) LIMITED,,1 GARLING WALK                ,WEST BERGHOLT                 ,COLCHESTER                    ,                              ,                              ,CO6 3LG ,49410,1,10,2,,01/04/2017,,,10023450120
1000012345000117,7110005432100001,,SMANOCSULTANCY LTD,,1 LOWER BAR                   ,NEWPORT                       ,                              ,                              ,                              ,TF10 7BE,96020,1,10,2,,01/04/2017,,,10023450201
1000012345000097,7900005432100001,NI027780,ARUQ4RETS LTD,,1 BROOKWAY                    ,NANTWICH                      ,CREWE                         ,CHESHIRE                      ,                              ,CW5 7BF ,68209,1,10,1,A,01/04/2017,,,10023450124
1000012345000096,6900005432100001,NI026704,CRMATBAREE LTD,,1 LENAMORE DRIVE              ,NEWTOWNABBEY                  ,                              ,                              ,                              ,BT37 0PQ,96020,1,10,1,A,01/04/2017,,,10023450110
1000012345000099,9900005432100001,NI035924,&KAJMHUGHES,,1 KINROSS ROAD                ,LESLIE                        ,FIFE                          ,                              ,                              ,KY6 3NE ,68320,1,10,1,A,01/04/2017,,,10023450154
1000012345000118,8110005432100001,,JO2WDTL,,1 BEARDS TERRACE              ,COGGESHALL                    ,COLCHESTER                    ,                              ,                              ,CO6 1TB ,64301,1,10,1,,01/04/2017,,,10023450119
1000012345000119,9110005432100001,,SUMAESSX LTD,,1 LUMLEY STREET               ,LONDON                        ,                              ,                              ,                              ,W1K 6TT ,96020,1,10,2,,01/04/2017,,,10023450205
1000012345000100,0010005432100001,NI584296,DNAABEUILDING SOLUTIONS LTD,,1 FAIR-GREEN ROAD             ,BALDWINS GATE                 ,NEWCASTLE UNDER LYME          ,STAFFORDSHIRE                 ,                              ,ST5 5LS ,96020,1,10,1,A,01/04/2017,,,10023450197
1000012345000120,0210005432100001,,WEMAIDLNG & STEEL FABRIC,,1 LUMLEY STREET               ,MAYFAIR                       ,LONDON                        ,                              ,                              ,W1K 6TT ,96020,1,10,2,,01/04/2017,,,10023450205
1000012345000094,4900005432100001,NI023985,MEOM4UTNM LIMITED,,1 BROOKFIELD YARD             ,SHEFFIELD                     ,                              ,                              ,                              ,S7 1DY  ,38320,1,10,7,A,01/04/2017,,,10023450190
1000012345000095,5900005432100001,NI026041,INMASUDTRIAL (UK) LTD,,1 LITTLE JENKYN               ,HOLE LANE                     ,BENTLEY                       ,HAMPSHIRE                     ,                              ,GU10 5LU,91020,1,10,7,A,01/04/2017,,,10023450141
1000012345000121,1210005432100001,,DNAAPMLUMBING AND HEATING,,1 FINWAY ROAD                 ,HEMEL HEMPSTEAD               ,HERTFORDSHIRE                 ,                              ,                              ,HP2 7PT ,43310,1,10,2,,01/04/2017,,,10023450149
1000012345000098,8900005432100001,NI028069,A&AMOHES LTD,,1 CHERRYHOLME                 ,HADLEIGH ROAD                 ,IPSWICH                       ,SUFFOLK                       ,                              ,IP2 0DE ,71129,1,10,1,A,01/04/2017,,,10023450150
1000012345000058,8500005432100001,4421983,T&AHEVICLE SERVICING UK LTD,,1 DEAN STREET                 ,ABERDARE                      ,                              ,                              ,                              ,CF44 7BN,68320,1,10,1,A,01/04/2017,,,10023450117
1000012345000072,2700005432100001,5334525,DNAACIAMPBELL,,1 FAIRFAX AVENUE              ,EAST EWELL                    ,EPSOM                         ,SURREY                        ,                              ,KT17 2QN,90040,1,10,1,A,01/04/2017,,,10023450153
1000012345000069,9600005432100001,5193712,&JAHKEATHER,,1 INMAN ROAD                  ,NORWICH                       ,                              ,                              ,                              ,NR7 8JT ,82911,1,10,1,A,01/04/2017,,,10023450163
1000012345000078,8700005432100001,5432843,BOJAEWSLL LIMITED,,1 KELSO PLACE                 ,UPPER BRISTOL ROAD            ,BATH                          ,                              ,                              ,BA1 3AU ,90030,1,10,1,A,01/04/2017,,,10023450103
1000012345000065,5600005432100001,4911870,AGJASUILTD,,1 JINGLERS COURT              ,BANBRIDGE                     ,                              ,                              ,                              ,BT32 3YJ,69201,1,10,1,A,01/04/2017,,,10023450108
1000012345000070,0700005432100001,5280545,BJAULPMBING & HEATING LTD,,1 JINGLERS COURT              ,BANBRIDGE                     ,CO DOWN                       ,                              ,                              ,BT32 3YJ,86900,1,10,1,A,01/04/2017,,,10023450108
1000012345000074,4700005432100001,5386693,A&ARACRUTHERS LTD,,1 CHERRY LEYS                 ,STEEPLE CLAYDON               ,BUCKINGHAMSHIRE               ,                              ,                              ,MK18 2RL,96090,1,10,1,A,01/04/2017,,,10023450161
1000012345000122,2210005432100001,,LTL2CD,,1 BARN CLOSE                  ,QUARNDON                      ,DERBY                         ,                              ,                              ,DE22 5JE,68209,1,10,1,,01/04/2017,,,10023450127
1000012345000061,1600005432100001,4646968,&IAJLMOORLAND,,1 HOSKINS PLACE               ,WATCHETTS ROAD                ,CAMBERLEY                     ,SURREY                        ,                              ,GU15 2PB,86900,1,10,1,A,01/04/2017,,,10023450142
1000012345000123,3210005432100001,,BOJAELIR MAINTENANCE LIMITED,,1 JUNO WAY                    ,SWINDON                       ,                              ,                              ,                              ,SN5 8ZD ,82990,1,10,2,,01/04/2017,,,10023450195
1000012345000064,4600005432100001,4843459,CEIAILINGS PARTITIONS LTD,,1 HUNT LANE                   ,DONCASTER                     ,                              ,                              ,                              ,DN5 9SF ,86900,1,10,7,A,01/04/2017,,,10023450135
1000012345000062,2600005432100001,4654835,DNAARJOOFING (HASLEMERE) LTD,,1 FERRY LANE                  ,AIRMYN                        ,GOOLE                         ,EAST YORKSHIRE                ,                              ,DN14 8LS,55100,1,10,1,A,01/04/2017,,,10023450133
1000012345000063,3600005432100001,4661499,DNAANKORTH LIMITED,,1 FERRY LANE                  ,AIRMYN                        ,GOOLE                         ,NORTH HUMBERSIDE              ,                              ,DN14 8LS,55100,1,10,1,A,01/04/2017,,,10023450133
1000012345000060,0600005432100001,4633669,CA&AOWRTHINGTON,,1 CLEVELAND DRIVE             ,BARNT GREEN                   ,BIRMINGHAM                    ,                              ,                              ,B45 8XH ,47710,1,10,1,A,01/04/2017,,,10023450101
1000012345000089,9800005432100001,5980653,C&ATACERING (UK) LIMITED,RIOVFAETCHICKEN,1 CHYNOON GARDENS             ,ST AUSTELL                    ,CORNWALL                      ,                              ,                              ,PL25 3RR,47710,1,10,1,A,01/04/2017,,,10023450181
1000012345000068,8600005432100001,5159818,M&AOHPTOGRAPHY LTD,,1 COOLNAGARD MEADOWS          ,OMAGH                         ,                              ,                              ,                              ,BT78 1AU,82990,1,10,1,A,01/04/2017,,,10023450112
1000012345000102,2010005432100001,OC283267,M&AULPMBING & HEATING SCOTLAND,,1 COOLNAGARD MEADOWS          ,OMAGH                         ,CO TYRONE                     ,                              ,                              ,BT78 1AU,82990,1,10,1,A,01/04/2017,,,10023450112
1000012345000067,7600005432100001,5087037,DNAAPJLASTICS LTD,,1 FAIRFAX AVENUE              ,EPSOM                         ,                              ,                              ,                              ,KT17 2QN,71121,1,10,1,A,01/04/2017,,,10023450153
1000012345000090,0900005432100001,6161941,DNAAQJUALITY MEATS LTD,,1 FERRY LANE                  ,AIRMYN                        ,GOOLE                         ,                              ,                              ,DN14 8LS,71121,1,10,1,A,01/04/2017,,,10023450133
1000012345000076,6700005432100001,5402717,BAAAALLNTYNE LTD,,1 DERWENT AVENUE              ,DARLEY DALE                   ,MATLOCK                       ,DERBYSHIRE                    ,                              ,DE4 2GE ,41201,1,10,1,A,01/04/2017,,,10023450128
1000012345000077,7700005432100001,5402908,R+ALIGLEN,,1 DERRYHEALLY                 ,BROOKEBOROUGH                 ,CO FERMANAGH                  ,                              ,                              ,BT94 4DQ,41201,1,10,1,A,01/04/2017,,,10023450114
1000012345000066,6600005432100001,5061111,R&ASMTEPHENSON,,1 CRIMSCOTE SQUARE            ,HATTON PARK                   ,WARWICK                       ,                              ,                              ,CV35 7TS,71122,1,10,1,A,01/04/2017,,,10023450122
1000012345000087,7800005432100001,5707994,S&ATAWERHOUSE,,1 CROSS STREET                ,ABERFAN                       ,MERTHYR TYDFIL                ,                              ,                              ,CF48 4NX,71122,1,10,1,A,01/04/2017,,,10023450118
1000012345000093,3900005432100001,9585950,ORPS4STCAMPS LTD,,1 BUNGALOW                    ,LOW FIELD                     ,KIRKBYMOORSIDE                ,NORTH YORKSHIRE               ,                              ,YO6 7HE ,43390,1,10,1,A,01/04/2017,,,10023450210
1000012345000092,2900005432100001,9263285,BAAAALLNTYNE LTD,BAAAALLNTYNE & COMPANY,1 DIAMOND VILLAS              ,THE STREET                    ,HURST                         ,READING                       ,                              ,RG10 0DG,69102,1,10,1,A,01/04/2017,,,10023450183
1000012345000086,6800005432100001,5568599,DNAACAARRUTHERS LTD,MAETHRONHOUSE,1 DRABBLES ROAD               ,MATLOCK                       ,                              ,                              ,                              ,DE4 3LD ,96090,1,10,1,A,01/04/2017,,,10023450129
1000012345000088,8800005432100001,5791919,DNAAHAOMES LIMITED,,1 ELLESMERE ROAD              ,BRISLINGTON                   ,BRISTOL                       ,                              ,                              ,BS4 5DY ,96090,1,10,1,A,01/04/2017,,,10023450105
1000012345000101,1010005432100001,NI587803,BAAAALLNTYNE LTD,,1 DEWBERRY CLOSE              ,TYLDESLEY                     ,MANCHESTER                    ,                              ,                              ,M29 8RD ,25110,1,10,1,A,01/04/2017,,,10023450157
1000012345000124,4210005432100001,,KEJANELIMITED,,1 KENSWORTH GATE              ,200-204 HIGH STREET SOUTH     ,DUNSTABLE                     ,BEDS                          ,                              ,LU6 3HS ,96020,1,10,2,,01/04/2017,,,10023450155
1000012345000125,5210005432100001,,PJAHOJNSON,,1 KEYTES LANE                 ,BARFORD                       ,WARWICKSHIRE                  ,                              ,                              ,CV35 8EP,56103,1,10,2,,01/04/2017,,,10023450123
